patient_id,assigned_sex,given_name,surname,address,city,state,zip_code,country,birthdate,weight,height,bmi,phone,email
1,female,zoe,wellish,576 Brown Bear Drive,Rancho California,California,92390,United States,1976-07-10,121.7,66,19.6,"('', '951-719-9170')",ZoeWellish@superrito.com
2,female,pamela,hill,2370 University Hill Road,Armstrong,Illinois,61812,United States,1967-04-03,118.8,66,19.2,"('+1 ', '(217) 569-3204')",PamelaSHill@cuvox.de
3,male,jae,debord,1493 Poling Farm Road,York,Nebraska,68467,United States,1980-02-19,177.8,71,24.8,"('', '402-363-6804')",JaeMDebord@gustr.com
4,male,liêm,phan,2335 Webster Street,Woodbridge,NJ,07095,United States,1951-07-26,220.9,70,31.7,"('+1 ', '(732) 636-8246')",PhanBaLiem@jourrapide.com
5,male,tim,neudorf,1428 Turkey Pen Lane,Dothan,AL,36303,United States,1928-02-18,192.3,72,26.1,"('', '334-515-7487')",TimNeudorf@cuvox.de
6,male,rafael,costa,1140 Willis Avenue,Daytona Beach,Florida,32114,United States,1931-08-31,183.9,70,26.4,"('', '386-334-5237')",RafaelCardosoCosta@gustr.com
7,female,mary,adams,3145 Sheila Lane,Burbank,NV,84728,United States,1969-11-19,146.3,65,24.3,"('', '775-533-5933')",MaryBAdams@einrot.com
8,female,xiuxiu,chang,2687 Black Oak Hollow Road,Morgan Hill,CA,95037,United States,1958-08-13,158.0,60,30.9,"('', '408 778 3236')",XiuxiuChang@einrot.com1
9,male,david,gustafsson,1790 Nutter Street,Kansas City,MO,64105,United States,1937-03-06,163.9,66,26.5,"('', '816-265-9578')",DavidGustafsson@armyspy.com
10,female,sophie,cabrera,3303 Anmoore Road,New York,New York,10011,United States,1930-12-03,194.7,64,33.4,"('', '718 795 9124')",SophieCabreraIbarra@teleworm.us1
11,female,sandy,gunnarsson,87 Wood Duck Drive,Rudyard,MI,49780,United States,1974-07-16,199.3,62,36.4,"('', '906-478-8949')",SandyGunnarsson@dayrep.com
12,male,abdul-nur,isa,1092 Farm Meadow Drive,Brentwood,TN,37027,United States,1954-02-03,238.7,73,31.5,"('', '931 207 0839')",Abdul-NurMummarIsa@rhyta.com1
13,male,omeokachie,ibeamaka,2544 Worley Avenue,Lynchburg,VA,24504,United States,1957-08-05,224.2,69,33.1,"('', '434-509-2614')",OmeokachieIbeamaka@einrot.com
14,female,anenechi,chidi,826 Broad Street,Birmingham,AL,35203,United States,1961-03-07,228.4,67,35.8,"('+1 ', '(205) 417-8095')",AnenechiChidi@armyspy.com
15,female,asia,woźniak,4970 Heather Sees Way,Tulsa,OK,74105,United States,1997-08-15,112.0,65,18.6,"('', '918-712-3469')",AsiaWozniak@rhyta.com
16,male,søren,lund,2438 Shady Pines Drive,Kingsport,VA,37660,United States,1922-08-23,201.5,64,34.6,"('', '276-225-1955')",SrenFLund@gustr.com
17,female,tám,liễu,2152 Heritage Road,Fresno,California,93706,United States,1952-11-14,183.9,61,34.7,"('', '559 765 7836')",LieuThiThuTam@dayrep.com1
18,female,roxanne,andreyeva,2103 Edington Drive,Smyrna,GA,30082,United States,1922-07-24,129.1,60,25.2,"('', '678-829-8578')",RoxanneAndreyeva@armyspy.com
19,male,william,oates,441 Tibbs Avenue,Ekalaka,MT,59324,United States,1949-09-04,202.2,64,34.7,"('', '406-775-2696')",WilliamVOates@armyspy.com
20,male,zak,kelly,994 Hill Croft Farm Road,Oroville,California,95966,United States,1988-12-13,208.8,70,30.0,"('', '530 532 8397')",ZakKelly@rhyta.com1
21,female,sofia,karlsen,2931 Romano Street,Whitman,MA,02382,United States,1934-09-24,153.1,66,24.7,"('', '781 447 1763')",SofiaTKarlsen@teleworm.us1
22,male,samúel,guðbrandsson,1904 Granville Lane,Elmsford,NJ,10523,United States,1983-04-12,223.7,69,33.0,"('', '973-445-5341')",SamuelGubrandsson@teleworm.us
23,male,manchu,su,1092 Deans Lane,Pleasantville,NY,10570,United States,1936-01-19,130.7,65,21.7,"('', '914-745-6108')",ManchuSu@einrot.com
24,male,lovre,galić,4941 Marion Drive,Winter Haven,Florida,33830,United States,1960-05-26,222.9,66,36.0,"('', '813 355 9476')",LovreGalic@gustr.com1
25,male,jakob,jakobsen,648 Old Dear Lane,Port Jervis,New York,12771,United States,1985-08-01,155.8,67,24.4,"('+1 ', '(845) 858-7707')",JakobCJakobsen@einrot.com
26,male,gregor,bole,922 Chapmans Lane,Albuquerque,NM,87109,United States,1922-06-19,180.8,67,28.3,"('', '505-828-4955')",GregorBole@gustr.com
27,female,ella,lund,1207 Garfield Road,Peoria,IL,61602,United States,1933-12-19,144.8,61,27.4,"('', '309-671-8852')",EllaLund@armyspy.com
28,male,joseph,tucker,4982 Wood Street,Venice,LA,70091,United States,1959-04-10,175.8,72,23.8,"('', '985-814-7603')",JosephNTucker@rhyta.com
29,male,robert,wolf,2386 Linda Street,Fort Washington,PA,19034,United States,1937-06-26,206.6,70,29.6,"('', '267 895 7462')",RobertWolf@fleckens.hu1
30,male,jake,jakobsen,648 Old Dear Lane,Port Jervis,New York,12771,United States,1985-08-01,155.8,67,24.4,"('+1 ', '(845) 858-7707')",JakobCJakobsen@einrot.com
31,female,janina,bazarova,3259 Roy Alley,Englewood,CO,80112,United States,1964-06-29,156.9,65,26.1,"('', '303-910-2058')",JaninaBazarova@superrito.com
32,male,tomáš,navrátil,4870 Corbin Branch Road,Bluff City,TN,37618,United States,1935-04-08,133.3,70,19.1,"('', '423-538-4887')",TomasNavratil@dayrep.com
33,female,một,phạm,2690 Pin Oak Drive,Long Beach,CA,90815,United States,1997-01-30,147.6,69,21.8,"('', '562-985-4582')",PhamThiBichMot@dayrep.com
34,male,habte,kifle,2055 Emeral Dreams Drive,Dekalb,Illinois,60115,United States,1946-01-20,153.8,72,20.9,"('', '815-270-7770')",HabteKifle@fleckens.hu
35,female,mariana,souza,577 Chipmunk Lane,Orrington,ME,04474,United States,1948-03-06,152.9,63,27.1,"('', '207-825-8634')",MarianaGomesSouza@superrito.com
36,female,kamila,pecinová,3558 Longview Avenue,New York,New York,10004,United States,1985-12-23,198.9,62,36.4,"('', '718-501-0503')",KamilaPecinova@dayrep.com
37,female,naja,enoksen,2915 Lynn Avenue,Eau Claire,WI,54701,United States,1931-11-26,156.4,66,25.2,"('', '715-562-7013')",NajaEnoksen@fleckens.hu
38,female,albinca,komavec,1257 Elsie Drive,Huron,SD,57350,United States,1986-06-05,189.9,66,30.6,"('+1 ', '(605) 204-6572')",AlbincaKomavec@rhyta.com
39,female,genet,fesahaye,4649 Joanne Lane,Westborough,MA,01581,United States,1954-01-11,111.8,67,17.5,"('', '978 460 9060')",GenetFesahaye@armyspy.com1
40,female,ganimete,ščančar,4105 Ferguson Street,Walpole,MA,02081,United States,1947-10-25,191.6,67,30.0,"('', '508-454-2027')",GanimeteScancar@cuvox.de
41,male,tješimir,lukić,3636 Junior Avenue,Atlanta,GA,30303,United States,1941-10-24,147.8,70,21.2,"('', '404 547 4508')",TjesimirLukic@jourrapide.com1
42,male,fakhri,fakhoury,155 Red Hawk Road,Danube,MN,56230,United States,1979-11-04,143.0,66,23.1,"('', '320-826-3340')",FakhriHaniFakhoury@cuvox.de
43,female,mizuki,iwata,3434 Holt Street,West Palm Beach,FL,33409,United States,1927-06-30,199.1,61,37.6,"('', '561-357-0702')",MizukiIwata@gustr.com
44,female,zizi,schmitt,669 Archwood Avenue,Mountain View,WY,82939,United States,1968-02-09,198.9,67,31.1,"('', '307 712 0508')",SchmittZizi@fleckens.hu1
45,female,blanka,jurković,3165 Upton Avenue,Waterville,ME,04901,United States,1923-01-26,129.8,66,20.9,"('', '207 861 4587')",BlankaJurkovic@superrito.com1
46,female,liisa,seppälä,1012 Lords Way,Adamsville,TN,38310,United States,1930-02-15,157.7,63,27.9,"('', '731 632 2908')",LiisaSeppala@einrot.com1
47,male,javier,moquin,1808 Stuart Street,Pittsburgh,PA,15201,United States,1941-08-07,163.9,72,22.2,"('', '724-419-3583')",JavierMoquin@rhyta.com
48,female,ana,correia,1495 Post Farm Road,Atlanta,GA,30337,United States,1962-11-04,186.6,65,31.0,"('', '404-289-1766')",AnaSousaCorreia@rhyta.com
49,female,annika,vaara,4853 University Drive,Lombard,IL,60148,United States,1996-02-20,109.1,67,17.1,"('', '312-719-7238')",AnnikaVaara@rhyta.com
50,female,vivien,zsinkó,4141 Davis Place,Maumee,OH,43537,United States,1974-03-06,113.3,64,19.4,"('', '419-262-6953')",ZsinkoVivien@teleworm.us
51,male,stephen,gibson,283 Simons Hollow Road,Wilkes Barre,PA,18701,United States,1991-04-25,238.9,70,34.3,"('', '570-819-1140')",StephenGibson@cuvox.de
52,female,noe,aranda,3977 Jail Drive,Davenport,Illinois,52801,United States,1938-08-07,107.1,63,19.0,"('', '309 912 9553')",NoeArandaGranado@dayrep.com1
53,female,brianna,lansell,1389 Nutters Barn Lane,Urbandale,IA,50322,United States,1950-12-04,202.0,62,36.9,"('', '515-727-9324')",BriannaLansell@fleckens.hu
54,male,kwemtochukwu,ogochukwu,2172 Lynn Street,Franklin,MA,02038,United States,1976-06-30,150.5,72,20.4,"('', '617-317-5055')",KwemtochukwuOgochukwu@einrot.com
55,female,louise,johnson,4984 Hampton Meadows,Burlington,MA,01803,United States,1931-03-01,141.0,62,25.8,"('', '978-407-1874')",LouiseJohnson@rhyta.com
56,male,anco,pak,943 Hickory Ridge Drive,Las Vegas,NV,89119,United States,1943-02-12,217.6,72,29.5,"('', '702 730 5584')",AncoPak@cuvox.de1
57,female,alissa,montez,1435 Limer Street,Eatonton,GA,31024,United States,1951-01-08,133.8,61,25.3,"('+1 ', '(706) 497-0891')",AlissaMontezFranco@gustr.com
58,female,siebrigje,koldenhof,34 Hamill Avenue,La Mesa,California,91941,United States,1935-05-24,134.0,60,26.2,"('', '858-413-3163')",SiebrigjeKoldenhof@rhyta.com
59,female,yasmin,araujo,3682 Stiles Street,Pittsburgh,PA,15205,United States,1981-03-21,196.0,67,30.7,"('', '412-640-7035')",YasminCardosoAraujo@superrito.com
60,male,avdei,tikhonov,1368 Yorkshire Circle,Wilson,NC,27893,United States,1928-12-10,150.0,72,20.3,"('', '252 291 3898')",AvdeiTikhonov@gustr.com1
61,female,barbora,vesecká,4018 Poplar Avenue,San Diego,CA,92101,United States,1939-02-19,159.1,67,24.9,"('', '619-570-3898')",BarboraVesecka@gustr.com
62,male,alan,milne,707 Gateway Avenue,Bakersfield,California,93301,United States,1962-04-29,244.9,69,36.2,"('', '661 779 6795')",AlanMilne@dayrep.com1
63,female,firenze,fodor,1786 Gerald L. Bates Drive,Belmont,MA,02178,United States,1943-04-01,131.1,60,25.6,"('', '617-883-5967')",FodorFirenze@dayrep.com
64,male,yukitaka,takenaka,1975 Holden Street,San Diego,California,92103,United States,1944-11-24,193.2,72,26.2,"('', '619-299-1495')",YukitakaTakenaka@einrot.com
65,male,jaakko,eskelinen,4324 Oak Street,Syracuse,NY,13221,United States,1971-02-26,163.7,68,24.9,"('+1 ', '(315) 362-5858')",JaakkoEskelinen@superrito.com
66,male,nicolas,ferreira,2310 Overlook Drive,Rossville,IN,46065,United States,1976-10-27,211.9,69,31.3,"('', '765-379-3885')",NicolasSouzaFerreira@superrito.com
67,male,konstantyn,kowalczyk,4707 Parkway Street,San Diego,California,92103,United States,1938-03-02,194.3,67,30.4,"('', '760-287-8295')",KonstantynKowalczyk@armyspy.com
68,male,nebechi,ekechukwu,2418 Smith Street,Marlboro,MA,01752,United States,1945-01-11,154.9,64,26.6,"('', '508-804-4850')",NebechiEkechukwu@teleworm.us
69,female,haruna,azuma,1507 Woodlawn Drive,Milwaukee,WI,53204,United States,1978-02-22,149.8,63,26.5,"('', '414-646-4353')",HarunaAzuma@gustr.com
70,male,joseph,day,1821 Virginia Street,Lombard,IL,60148,United States,1986-02-23,150.6,68,22.9,"('+1 ', '(773) 615-9328')",JosephMDay@teleworm.us
71,male,alexander,mathiesen,3130 Jessie Street,Athens,OH,45701,United States,1955-12-02,195.6,68,29.7,"('', '740 629 5172')",AlexanderEMathiesen@superrito.com1
72,male,leuco,miranda,90 Meadow View Drive,Hartford,CT,06103,United States,1976-02-02,184.8,72,25.1,"('', '860-515-0122')",LeucoMirandaNieto@teleworm.us
73,male,søren,frederiksen,4852 Rose Avenue,Metairie,LA,70001,United States,1931-02-12,214.5,65,35.7,"('', '504-289-1386')",SrenFrederiksen@armyspy.com
74,female,žarka,rap,2661 Russell Street,Foxboro,MA,02035,United States,1995-12-28,139.3,68,21.2,"('', '978-969-6753')",ZarkaRap@superrito.com
75,female,hanka,gegič,192 Patton Lane,Tulsa,OK,74106,United States,1926-01-20,103.2,61,19.5,"('', '918-975-7594')",HankaGegic@fleckens.hu
76,male,leo,mancini,1813 Lindale Avenue,Fremont,California,94538,United States,1964-09-26,195.1,68,29.7,"('+1 ', '(510) 498-6624')",LeoMancini@rhyta.com
77,female,maryam,dratchev,3314 Rocket Drive,Minneapolis,MN,55410,United States,1983-01-15,190.1,63,33.7,"('', '612-925-3123')",MaryamDratchev@superrito.com
78,female,rut,halldórsdóttir,1054 Zappia Drive,Lexington,KY,40507,United States,1959-05-09,162.6,66,26.2,"('', '859-297-3368')",RutHalldorsdottir@einrot.com
79,female,fauna,bilodeau,4104 Kennedy Court,Mansfield,MA,02048,United States,1979-07-02,193.4,69,28.6,"('', '774 263 5317')",FaunaBilodeau@teleworm.us1
80,male,eniz,konovšek,783 Callison Lane,Philadelphia,DE,19108,United States,1967-06-23,183.9,72,24.9,"('', '302-397-6035')",EnizKonovsek@superrito.com
81,male,eufemio,rosario,2531 Cantebury Drive,Westbury,New York,11590,United States,1923-02-28,183.7,71,25.6,"('+1 ', '(646) 621-0640')",EufemioRosarioAlarcon@gustr.com
82,male,andré,nordin,836 Dovetail Estates,Gate,OK,73844,United States,1940-11-12,209.4,69,30.9,"('', '580-934-1141')",AndreNordin@cuvox.de
83,female,châu,thạch,4814 Layman Court,Atlanta,GA,30346,United States,1999-03-03,171.4,60,33.5,"('', '678-350-2390')",ThachThiKieuChau@superrito.com
84,male,chen,yao,2566 Ingram Street,Dayton,OH,45407,United States,1975-11-08,214.7,76,26.1,"('', '937-523-1224')",ChenYao@teleworm.us
85,female,nương,vũ,465 Southern Street,New York,NY,10001,United States,1981-02-01,138.2,63,24.5,"('', '516-720-5094')",VuCamNuong@fleckens.hu
86,male,burrell,mathieu,3816 Grand Avenue,Kissimmee,Florida,34746,United States,1936-05-16,203.5,71,28.4,"('', '407-662-9389')",BurrellMathieu@teleworm.us
87,male,philemon,abdulov,1341 Chatham Way,Temple Hills,MD,20031,United States,1943-07-07,171.4,70,24.6,"('', '240-695-5212')",PhilemonAbdulov@rhyta.com
88,male,magomed,kadyrov,2063 Newton Street,Ogilvie,MN,56358,United States,1980-11-15,176.9,67,27.7,"('', '320-272-4299')",MagomedKadyrov@jourrapide.com
89,male,marius,hansen,3251 Radio Park Drive,Augusta,GA,30902,United States,1948-06-27,227.7,76,27.7,"('', '706-755-5723')",MariusHansen@teleworm.us
90,male,kwasi,mensa,479 Elmwood Avenue,Tempe,AZ,85281,United States,1942-10-05,145.4,69,21.5,"('+1 ', '(480) 967-6336')",KwasiMensa@cuvox.de
91,male,ingo,rokavc,4271 Cherry Ridge Drive,Buffalo,New York,14214,United States,1977-08-27,192.3,67,30.1,"('+1 ', '(585) 902-9127')",IngoRokavc@superrito.com
92,female,caroline,shuler,1403 Clousson Road,Houston,TX,77002,United States,1949-03-08,218.7,66,35.3,"('', '713-230-1739')",CarolineTShuler@jourrapide.com
93,male,michael,smith,666 Whiteman Street,Mount Holly,NJ,08060,United States,1977-09-17,160.6,67,25.2,"('', '609-914-8473')",MichaelSmith@armyspy.com
94,male,elliot,richardson,4230 Ridenour Street,Sunrise,FL,33323,United States,1973-01-14,168.1,71,23.4,"('', '786-234-0038')",ElliotRichardson@teleworm.us
95,female,gina,cain,3418 Tyler Avenue,Miami,Florida,33106,United States,1935-07-14,144.1,60,28.1,"('', '305-361-8416')",GinaACain@armyspy.com
96,male,sargent,ruais,1009 Felosa Drive,Blackwell,TX,79506,United States,1942-01-01,205.3,72,27.8,"('', '325-282-4087')",SargentRuais@jourrapide.com
97,female,nasim,salib,3161 Fantages Way,Presque Isle,ME,04769,United States,1971-07-30,211.4,65,35.2,"('', '207-768-0477')",NasimSumaiyaSalib@einrot.com
98,male,patrick,gersten,2778 North Avenue,Burr,NE,68324,United States,1954-05-03,138.2,71,19.3,"('', '402-848-4923')",PatrickGersten@rhyta.com
99,male,jan,baum,1733 Blackwell Street,Fairbanks,AK,99701,United States,1967-11-06,194.3,74,24.9,"('+1 ', '(907) 328-4125')",JanBaum@superrito.com
100,male,bernd,schneider,1262 Deans Lane,Westbury,New York,11590,United States,1993-03-24,212.5,71,29.6,"('', '914-830-3940')",BerndSchneider@jourrapide.com
101,male,isac,berg,1497 Hidden Meadow Drive,Binford,ND,58416,United States,1995-08-01,137.9,66,22.3,"('', '701-676-6301')",IsacBerg@cuvox.de
102,male,oles,zhdanov,1731 Chandler Drive,Fordland,MO,65652,United States,1945-10-25,226.2,72,30.7,"('', '417-738-5084')",OlesZhdanov@fleckens.hu
103,female,najla,touma,2146 Willow Greene Drive,Montgomery,AL,36104,United States,1948-08-20,165.0,61,31.2,"('+1 ', '(334) 261-1235')",NajlaQismahTouma@cuvox.de
104,male,tico,koffeman,1030 McDonald Avenue,Maitland,Florida,32751,United States,1926-04-20,167.6,69,24.7,"('+1 ', '(407) 838-0201')",TicoKoffeman@armyspy.com
105,female,yasmin,silva,108 Griffin Street,Phoenix,AZ,85012,United States,1927-07-24,200.6,62,36.7,"('', '602 265 7408')",YasminAlmeidaSilva@einrot.com1
106,male,nate,bowden,4310 Johnson Street,Clinton,NC,28328,United States,1954-03-26,222.0,71,31.0,"('', '919-915-8670')",NateBowden@einrot.com
107,male,inunnguaq,heilmann,4110 Capitol Avenue,New Castle,IN,47362,United States,1976-05-06,219.9,67,34.4,"('', '765 599 8847')",InunnguaqHeilmann@rhyta.com1
108,male,rocco,christie,1373 Wilmar Farm Road,Mount Airy,MD,21771,United States,1987-01-16,167.0,70,24.0,"('', '240-322-1398')",RoccoChristie@rhyta.com
109,female,marina,glockner,475 Preston Street,Bushton,KS,67427,United States,1934-06-18,191.4,63,33.9,"('', '620 940 1131')",MarinaGlockner@dayrep.com1
110,male,stephen,mayberry,3063 School House Road,Hattiesburg,MS,39402,United States,1934-09-01,166.1,72,22.5,"('', '601-699-4153')",StephenFMayberry@jourrapide.com
111,male,miroslav,štěpánek,2625 Romines Mill Road,Dallas,TX,75247,United States,1935-09-23,146.1,68,22.2,"('+1 ', '(214) 637-0855')",MiroslavStepanek@teleworm.us
112,female,nicole,zimmerman,909 Williams Avenue,Newhall,California,91321,United States,1984-01-14,225.9,74,29.0,"('', '661-291-1812')",NicoleZimmerman@rhyta.com
113,female,arnþrúður,skarphéðinsdóttir,2578 Tenmile,Newport News,VA,23602,United States,1922-06-04,172.0,63,30.5,"('+1 ', '(757) 885-5669')",ArnruurSkarpheinsdottir@rhyta.com
114,female,svanhvít,guðjónsdóttir,2641 Michael Street,Houston,TX,77074,United States,1931-07-23,204.2,63,36.2,"('', '713 779 6516')",SvanhvitGujonsdottir@cuvox.de1
115,male,yunadi,barsukov,2784 Turkey Pen Road,Manhattan,New York,10016,United States,1993-05-28,176.2,68,26.8,"('', '917-256-5329')",YunadiBarsukov@teleworm.us
116,female,caroline,bois,1350 Meadow Lane,Lakeport,California,95453,United States,1985-12-26,151.4,64,26.0,"('', '707 262 6503')",CarolineBois@rhyta.com1
117,male,philipp,ziegler,3686 Meadowcrest Lane,Allen,KY,41601,United States,1941-03-03,143.7,69,21.2,"('', '606-417-4332')",PhilippZiegler@superrito.com
118,male,sửu,tạ,3464 Big Indian,New Orleans,LA,70112,United States,1928-05-24,182.2,67,28.5,"('+1 ', '(504) 528-8317')",TaQuiSuu@teleworm.us
119,male,adib,ghanem,3457 Bridge Avenue,Delcambre,LA,70528,United States,1967-12-31,254.5,72,34.5,"('', '337-685-4885')",AdibMutazzGhanem@fleckens.hu
120,female,chaja,bouw,2808 Circle Drive,Houston,TX,77063,United States,1979-09-16,211.9,70,30.4,"('', '832-457-6625')",ChajaBouw@dayrep.com
121,female,nicoline,østergaard,2836 Boring Lane,San Francisco,CA,94108,United States,1926-12-14,124.5,63,22.1,"('', '415-676-8818')",NicolinePstergaard@superrito.com
122,male,frydryk,adamski,1845 Saint Marys Avenue,Syracuse,New York,13221,United States,1941-10-12,230.8,76,28.1,"('', '315 869 4408')",FrydrykAdamski@armyspy.com1
123,male,bội,tạ,2389 Rubaiyat Road,Grand Rapids,MI,49503,United States,1929-05-30,211.0,69,31.2,"('', '231-607-3625')",TaHaBoi@superrito.com
124,male,tas,fejes,4386 Badger Pond Lane,Tampa,FL,33634,United States,1982-12-02,193.2,66,31.2,"('', '727-331-8429')",FejesTas@jourrapide.com
125,male,ming,hsu,2945 Ferguson Street,Quincy,MA,02169,United States,1960-11-04,215.6,69,31.8,"('+1 ', '(508) 526-3432')",MingHsu@armyspy.com
126,female,seweryna,czerwinska,36 Heather Sees Way,Tulsa,OK,74119,United States,1982-06-30,203.5,63,36.0,"('', '918-714-7543')",SewerynaCzerwinska@jourrapide.com
127,male,mads,nielsen,1493 Randolph Street,Boston,MA,02210,United States,1942-05-19,137.1,68,20.8,"('', '508-739-5632')",MadsANielsen@jourrapide.com
128,female,lena,baer,272 Boone Crockett Lane,Elma,WA,98541,United States,1977-11-10,170.7,61,32.2,"('', '360-482-2553')",LenaBaer@rhyta.com
129,male,muhammad,hughes,1965 Crestview Manor,Indianapolis,IN,46214,United States,1938-09-21,202.2,72,27.4,"('', '317 292 2394')",MuhammadHughes@rhyta.com1
130,female,rebecca,jephcott,989 Wayback Lane,New York,NY,10004,United States,1966-08-01,203.3,65,33.8,"('', '631-370-7406')",RebeccaJephcott@armyspy.com
131,male,albert,wolfe,3710 Jerry Dove Drive,North Charleston,SC,29420,United States,1939-06-16,217.8,65,36.2,"('', '843-494-0313')",AlbertRWolfe@jourrapide.com
132,female,sandra,taylor,2476 Fulton Street,Rainelle,WV,25962,United States,1960-10-23,206.1,64,35.4,"('', '304-438-2648')",SandraCTaylor@dayrep.com
133,female,tekla,walczak,2421 Coal Road,Lake Ariel,PA,18436,United States,1936-07-22,159.9,59,32.3,"('', '570-698-4203')",TeklaWalczak@einrot.com
134,female,elisabeth,dimmen,3180 Still Pastures Drive,Columbia,SC,29210,United States,1985-04-21,199.5,65,33.2,"('+1 ', '(803) 465-3312')",ElisabethDimmen@cuvox.de
135,male,jesse,luoma,3714 Ben Street,Albany,New York,12207,United States,1922-06-01,154.9,66,25.0,"('+1 ', '(518) 212-7081')",JesseLuoma@fleckens.hu
136,male,willem-jan,van der lubbe,1717 Vineyard Drive,Cleveland,OH,44115,United States,1941-07-09,152.9,69,22.6,"('', '440-385-5011')",Willem-JanvanderLubbe@gustr.com
137,female,victoria,mikkelsen,2121 Liberty Avenue,Los Angeles,California,90017,United States,1925-05-07,179.3,63,31.8,"('', '714-507-4204')",VictoriaTMikkelsen@armyspy.com
138,female,emma,barlow,1703 Everette Alley,Pompano Beach,Florida,33062,United States,1953-01-25,175.6,60,34.3,"('', '954-784-6658')",EmmaBarlow@superrito.com
139,male,jose,combs,718 Eden Drive,Richmond,VA,23220,United States,1975-12-27,171.2,74,22.0,"('', '804-908-1436')",JoseRCombs@rhyta.com
140,female,novalie,berg,1275 Goldie Lane,Cincinnati,OH,45202,United States,1973-04-22,156.9,61,29.6,"('+1 ', '(513) 383-0516')",NovalieBerg@gustr.com
141,male,john,teichelmann,631 Isaacs Creek Road,Decatur,IL,62522,United States,1958-12-03,214.1,72,29.0,"('', '217-421-0935')",JohnTeichelmann@dayrep.com
142,female,evelyn,uspenskaya,944 Thrash Trail,Dallas,TX,75207,United States,1934-10-25,110.2,61,20.8,"('', '903-644-2098')",EvelynUspenskaya@rhyta.com
143,male,finley,chandler,2754 Westwood Avenue,New York,New York,10001,United States,1936-10-25,150.9,70,21.6,"('', '516-740-5280')",FinleyChandler@dayrep.com
144,female,amanda,ribeiro,4155 Raccoon Run,Seattle,WA,98109,United States,1970-09-27,131.1,60,25.6,"('', '206-902-0473')",AmandaCavalcantiRibeiro@fleckens.hu
145,male,mile,stanić,4640 Windy Ridge Road,Fort Wayne,IN,46804,United States,1961-10-31,244.9,71,34.2,"('', '260-591-5755')",MileStanic@dayrep.com
146,male,sauli,koivuniemi,1990 Spring Avenue,Eagleville,PA,19403,United States,1974-07-24,170.9,66,27.6,"('+1 ', '(267) 679-4137')",SauliKoivuniemi@einrot.com
147,male,haylom,nebay,1736 Parrill Court,East Chicago,IN,46312,United States,1963-09-01,185.9,70,26.7,"('', '219 391 7729')",HaylomNebay@gustr.com1
148,male,kristian,vukelić,4411 Libby Street,West Los Angeles,California,90025,United States,1958-11-30,191.4,66,30.9,"('', '310-268-6864')",KristianVukelic@teleworm.us
149,female,riëtte,scheltens,4473 Church Street,Brooklyn,NY,11227,United States,1940-09-30,198.4,67,31.1,"('', '718-418-0766')",RietteScheltens@dayrep.com
150,male,wawrzyniec,nowakowski,1525 Crestview Terrace,Mountain Home,TX,78058,United States,1937-09-18,170.5,71,23.8,"('', '830-640-5848')",WawrzyniecNowakowski@teleworm.us
151,male,felicijan,bubanj,4556 Oakdale Avenue,Dundee,Florida,33838,United States,1957-05-22,226.6,71,31.6,"('', '863-438-6922')",FelicijanBubanj@einrot.com
152,female,satsita,batukayev,2813 Frederick Street,Citrus Heights,California,95610,United States,1953-02-17,219.6,66,35.4,"('', '916-224-7868')",SatsitaBatukayev@teleworm.us
153,male,christopher,woodward,3450 Southern Street,New York,NY,10004,United States,1984-09-04,212.2,66,34.2,"('+1 ', '(516) 630-5900')",ChristopherWoodward@jourrapide.com
154,male,john,carreiro,1463 Martha Ellen Drive,Reno,NV,89509,United States,1976-04-08,177.8,68,27.0,"('', '775 770 7827')",JohnACarreiro@superrito.com1
155,female,maya,isaksson,1333 Comfort Court,Madison,WI,53711,United States,1959-07-14,137.7,67,21.6,"('', '608 277 0146')",MayaIsaksson@jourrapide.com1
156,female,nina,geisler,350 Ross Street,East Saint Louis,Illinois,62201,United States,1924-09-05,193.2,66,31.2,"('', '618-261-9896')",NinaGeisler@einrot.com
157,male,thống,lê,174 Lost Creek Road,Roseville,MN,55113,United States,1929-02-09,172.9,68,26.3,"('+1 ', '(612) 208-2965')",LeVietThong@gustr.com
158,female,ellen,luman,4643 Reeves Street,Chilton,WI,53014,United States,1951-02-26,184.6,60,36.0,"('', '920-849-0384')",EllenRLuman@einrot.com
159,male,chibuzo,okoli,4291 Patton Lane,Tulsa,OK,74136,United States,1983-06-14,142.8,73,18.8,"('+1 ', '(918) 971-5864')",ChibuzoOkoli@einrot.com
160,female,coralie,allaire,1066 Goosetown Drive,Sylva,NC,28779,United States,1925-03-04,149.4,66,24.1,"('+1 ', '(828) 586-5050')",CoralieAllaire@armyspy.com
161,male,flaviano,endrizzi,3209 Crowfield Road,Phoenix,AZ,85023,United States,1928-10-11,195.1,75,24.4,"('', '602-993-7880')",FlavianoEndrizzi@cuvox.de
162,male,mitsunobu,fujiwara,212 Tibbs Avenue,Chester,MT,59522,United States,1969-05-21,223.5,67,35.0,"('', '406-759-6160')",MitsunobuFujiwara@armyspy.com
163,female,sarina,tabata,4646 Highland View Drive,Sacramento,CA,95814,United States,1967-04-21,201.7,63,35.7,"('', '916-555-7247')",SarinaTabata@teleworm.us
164,female,hawra',tuma,2972 Hillview Street,Winnsboro,SC,29180,United States,1992-09-29,134.2,69,19.8,"('', '803-712-1180')",HawraSultanahTuma@superrito.com
165,female,hường,lâm,4795 Better Street,Olathe,KS,66061,United States,1959-06-19,193.6,63,34.3,"('', '913-393-8663')",LamHoangHuong@rhyta.com
166,male,zlatko,rukavina,592 Rafe Lane,Yazoo City,MS,39194,United States,1976-12-12,198.7,70,28.5,"('+1 ', '(662) 716-9586')",ZlatkoRukavina@cuvox.de
167,male,peter,pospíšil,200 Hall Place,Longview,TX,75601,United States,1989-01-01,225.3,70,32.3,"('', '903-749-8046')",PeterPospisil@cuvox.de
168,female,melisa,mata,2775 Single Street,Bedford,MA,01730,United States,1941-12-15,209.7,65,34.9,"('', '781-604-1901')",MelisaMataSantacruz@rhyta.com
169,female,galit,casárez,513 Duck Creek Road,Palo Alto,California,94306,United States,1956-05-12,118.8,67,18.6,"('', '650-849-6900')",GalitCasarezBrito@jourrapide.com
170,male,markus,solberg,4148 Callison Lane,Bensalem,DE,19020,United States,1953-11-21,140.6,70,20.2,"('', '302-474-8075')",MarkusSolberg@fleckens.hu
171,male,chikere,achebe,321 Briercliff Road,Brooklyn,New York,11227,United States,1939-01-12,215.4,67,33.7,"('', '718-628-9500')",ChikereAchebe@jourrapide.com
172,female,blagica,klobučar,3920 Braxton Street,La Grange,IL,60525,United States,1921-11-06,106.5,59,21.5,"('', '815-533-7692')",BlagicaKlobucar@einrot.com
173,male,alvin,jackson,3411 Pyramid Valley Road,Iowa City,IA,52240,United States,1945-12-01,177.8,71,24.8,"('', '319-541-3295')",AlvinAJackson@armyspy.com
174,female,marija,grubišić,954 Summit Park Avenue,Auburn Hills,MI,48057,United States,1985-12-28,155.1,69,22.9,"('', '248-944-0932')",MarijaGrubisic@cuvox.de
175,female,michelle,tansey,284 Mudlick Road,Spokane,WA,99218,United States,1978-02-15,147.8,61,27.9,"('', '509-466-2907')",MichelleDTansey@dayrep.com
176,female,katrine,lynge,4943 Isaacs Creek Road,Jacksonville,IL,62650,United States,1934-08-25,163.2,60,31.9,"('', '217 491 5261')",KatrineLynge@gustr.com1
177,female,makda,abraham,4093 Smith Street,Lowell,MA,01852,United States,1979-06-24,145.2,65,24.2,"('', '508 857 0477')",MakdaAbraham@einrot.com1
178,female,monika,lončar,377 Norman Street,Los Angeles,CA,90014,United States,1927-07-19,203.7,63,36.1,"('', '323-327-4721')",MonikaLoncar@rhyta.com
179,female,else,andersen,1386 Farland Street,Chicago,Illinois,60631,United States,1975-06-16,197.1,65,32.8,"('', '773-934-7423')",ElseAndersen@rhyta.com
180,male,dominik,grunewald,3574 Park Boulevard,Marshalltown,IA,50158,United States,1935-11-20,143.0,71,19.9,"('', '641-753-5678')",DominikGrunewald@cuvox.de
181,female,triana.,terrazas,1934 August Lane,Monroe,LA,71201,United States,1968-03-04,176.2,66,28.4,"('', '318-417-5739')",TrianaTerrazasMoreno@superrito.com
182,female,yumena,nakayama,4458 Stark Hollow Road,Gypsum,CO,81637,United States,1929-03-24,130.2,59,26.3,"('', '970 754 5843')",YumenaNakayama@gustr.com1
183,male,kaodilinakachukwu,nnonso,3261 Desert Broom Court,Jersey City,NJ,07304,United States,1963-11-09,230.3,69,34.0,"('', '201-739-3931')",KaodilinakachukwuNnonso@gustr.com
184,male,suhaim,rahal,2270 Bel Meadow Drive,Fontana,California,92335,United States,1944-02-08,207.7,71,29.0,"('', '909-355-9418')",SuhaimAbdelRahal@fleckens.hu
185,female,ásta,grímsdóttir,1619 Melm Street,Ormond Beach,FL,32174,United States,1999-06-09,128.9,65,21.4,"('+1 ', '(386) 989-0019')",AstaGrimsdottir@dayrep.com
186,male,brice,authier,1895 Hart Ridge Road,Elkton,MI,48731,United States,1939-12-16,125.1,64,21.5,"('', '989 375 2216')",BriceAuthier@superrito.com1
187,female,jane,citizen,2866 Myra Street,Providence,RI,02908,United States,1974-09-27,143.0,65,23.8,"('+1 ', '(401) 485-6384')",JaneCitizen@cuvox.de
188,male,władysław,wieczorek,2338 Virginia Street,Chicago,IL,60605,United States,1994-01-15,133.1,67,20.8,"('', '773-607-2647')",WladyslawWieczorek@teleworm.us
189,male,søren,sørensen,2397 Bell Street,New York,NY,10011,United States,1942-12-31,157.1,67,24.6,"('', '212 201 3108')",SrenSrensen@superrito.com1
190,female,kisanet,selassie,3227 Park Avenue,Sacramento,California,95817,United States,1956-04-26,177.1,62,32.4,"('+1 ', '(916) 453-3601')",KisanetSelassie@gustr.com
191,male,regolo,nucci,3595 Stuart Street,Gibsonia,PA,15044,United States,1935-09-15,213.0,67,33.4,"('+1 ', '(724) 449-6928')",RegoloNucci@einrot.com
192,female,fanette,fournier,602 Tator Patch Road,Chicago,Illinois,60607,United States,1938-10-24,112.6,60,22.0,"('+1 ', '(312) 864-5737')",FanetteFournier@einrot.com
193,female,jade,parker,2957 Feathers Hooves Drive,Garden City,NY,11530,United States,1927-06-19,188.8,63,33.4,"('', '631-704-6487')",JadeParker@superrito.com
194,male,borna,šlezinger,3073 Bedford Street,West Haven,CT,06516,United States,1987-03-21,203.9,69,30.1,"('', '203-933-3979')",BornaSlezinger@cuvox.de
195,male,urso,aranda,1330 Lincoln Street,Hopewell  Mercer,NJ,08525,United States,1999-07-03,163.7,70,23.5,"('', '609-466-3275')",UrsoArandaSanchez@rhyta.com
196,female,lamara,dratchev,3731 Swick Hill Street,New Orleans,LA,70113,United States,1954-10-20,181.3,67,28.4,"('', '985-253-7891')",LamaraDratchev@teleworm.us
197,female,albina,zetticci,3141 Brentwood Drive,Austin,TX,78702,United States,1983-05-13,171.6,63,30.4,"('', '512-738-2609')",AlbinaZetticci@teleworm.us
198,male,thể,lương,2403 Ripple Street,Gaylord,MI,49735,United States,1967-11-15,223.1,70,32.0,"('', '989 705 7690')",LuongKhacThe@dayrep.com1
199,female,eufrosina,schiavone,1984 Counts Lane,Lexington,KY,40507,United States,1926-04-06,108.5,62,19.8,"('+1 ', '(859) 977-9462')",EufrosinaSchiavone@cuvox.de
200,male,zdeněk,synek,3818 Strother Street,Dora,AL,35062,United States,1950-09-27,168.3,70,24.1,"('', '205 648 4197')",ZdenekSynek@jourrapide.com1
201,male,kifle,mustafa,4535 Prospect Street,Pennsauken,NJ,08110,United States,1965-10-09,186.1,69,27.5,"('', '856-655-5415')",KifleMustafa@gustr.com
202,male,pirro,galvez,2831 Milford Street,Exeter,NH,03833,United States,1971-02-25,172.5,73,22.8,"('', '603 773 2333')",PirroGalvezPaz@armyspy.com1
203,female,jiřina,šubrtová,4262 Heron Way,Portland,OR,97204,United States,1987-12-10,138.4,61,26.1,"('', '503-820-7877')",JirinaSubrtova@rhyta.com
204,female,mùi,lương,1778 Rodney Street,Harvester,MO,63301,United States,1956-02-29,192.7,60,37.6,"('', '636-442-6946')",LuongHongMui@einrot.com
205,male,leixandre,alanis,4103 Musgrave Street,Oklahoma City,OK,73102,United States,1938-03-25,222.6,69,32.9,"('', '405-234-5350')",LeixandreAlanisMadrigal@fleckens.hu
206,male,breno,correia,3539 Bottom Lane,Tonawanda,New York,14150,United States,1974-07-11,180.6,67,28.3,"('', '716-743-5884')",BrenoLimaCorreia@superrito.com
207,female,leah,wong,3548 Hilltop Drive,Canadian,TX,79014,United States,1934-06-11,129.8,62,23.7,"('', '806-323-2210')",LeahWong@einrot.com
208,female,beatrycze,woźniak,182 Cross Street,Saginaw,MI,48607,United States,1946-03-14,119.2,61,22.5,"('', '989-936-4563')",BeatryczeWozniak@armyspy.com
209,female,gabriele,saenger,3499 Baker Avenue,Arlington,TX,76011,United States,1973-08-26,121.2,68,18.4,"('+1 ', '(817) 909-5667')",GabrieleSaenger@armyspy.com
210,female,lalita,eldarkhanov,No data,No data,No data,No data,No data,1950-08-14,143.4,62,26.2,,No data
211,female,camilla,zaitseva,4689 Briarhill Lane,Wooster,OH,44691,United States,1938-11-26,108.0,63,19.1,"('', '330-202-2145')",CamillaZaitseva@superrito.com
212,female,martha,afanasyeva,3613 Lodgeville Road,Saint Paul,MN,55114,United States,1997-10-03,151.2,73,19.9,"('', '612 228 4170')",MarthaAfanasyeva@dayrep.com1
213,male,jens,poulsen,1942 Harry Place,Charlotte,NC,28202,United States,1963-12-09,168.1,71,23.4,"('', '704-805-5094')",JensPoulsen@fleckens.hu
214,female,onyemaechi,onwughara,685 Duncan Avenue,New York,NY,10013,United States,1989-03-08,131.1,69,19.4,"('', '917-622-9142')",OnyemaechiOnwughara@einrot.com
215,female,gabriela,michalčíková,383 Marion Street,Hartford,VT,05047,United States,1964-10-08,126.9,65,21.1,"('+1 ', '(802) 952-6490')",GabrielaMichalcikova@rhyta.com
216,male,john,doe,123 Main Street,New York,NY,12345,United States,1975-01-01,180.0,72,24.4,"('', '1234567890')",johndoe@email.com
217,female,gabrielle,bidwill,3479 Elm Drive,Manhattan,New York,10016,United States,1963-10-11,170.1,67,26.6,"('', '646-472-4758')",GabrielleBidwill@teleworm.us
218,male,saidmohmad,rushisvili,4192 Holly Street,Athens,GA,30601,United States,1959-06-11,216.5,67,33.9,"('', '706-266-4583')",SaidmohmadRushisvili@teleworm.us
219,female,sabr,amari,4929 Raver Croft Drive,La Follette,TN,37766,United States,1936-11-19,122.2,64,21.0,"('', '423-563-2014')",SabrRumaithahAmari@fleckens.hu
220,male,mỹ,quynh,No data,No data,No data,No data,No data,1978-04-09,237.8,69,35.1,,No data
221,male,mijael,guerra,1271 Pretty View Lane,Oakland,CA,94612,United States,1944-01-25,183.5,65,30.5,"('+1 ', '(707) 896-9250')",MijaelGuerraMoreno@teleworm.us
222,male,csaba,sági,4040 Linda Street,Portland,PA,97205,United States,1943-01-12,181.3,70,26.0,"('+1 ', '(267) 932-9852')",SagiCsaba@armyspy.com
223,female,malina,balagić,4019 Cerullo Road,Louisville,KY,40244,United States,1962-02-14,224.8,68,34.2,"('', '502-367-6167')",MalinaBalagic@einrot.com
224,female,virginia,boyles,945 Maple Avenue,Downey,ID,83234,United States,1939-09-22,202.4,63,35.8,"('', '208 897 3897')",VirginiaABoyles@gustr.com1
225,female,veronika,jindrová,3641 Selah Way,Brattleboro,VT,05301,United States,1981-01-15,171.4,62,31.3,"('', '802-614-0812')",VeronikaJindrova@jourrapide.com
226,female,rachel,guzman,3210 Hickory Lane,Washington,DC,20024,United States,1974-03-20,122.3,62,22.4,"('', '202-485-6607')",RachelSGuzman@cuvox.de
227,male,kári,hervinsson,4273 Deans Lane,Fairview Park,New York,10603,United States,1963-08-05,189.4,72,25.7,"('', '914-784-6646')",KariHervinsson@einrot.com
228,female,laura,ehrlichmann,1829 Bungalow Road,Omaha,NE,68124,United States,1942-01-03,187.9,60,36.7,"('', '402-938-2157')",LauraEhrlichmann@einrot.com
229,female,cintia,csorba,2126 Pearl Street,Sacramento,California,95826,United States,1991-07-20,186.6,62,34.1,"('', '916-379-7480')",CsorbaCintia@fleckens.hu
231,female,elisabeth,knudsen,No data,No data,No data,No data,No data,1976-09-23,165.9,63,29.4,,No data
232,female,stefanie,herman,204 Rockwell Lane,Halifax,NC,27839,United States,1978-09-03,217.8,67,34.1,"('', '252 583 5410')",StefanieHerman@fleckens.hu1
233,female,kyouko,ono,435 Pike Street,San Diego,CA,92123,United States,1940-11-19,126.9,59,25.6,"('', '858 587 9945')",KyoukoOno@superrito.com1
234,female,angela,lavrentyev,4143 Big Indian,New Orleans,LA,70112,United States,1995-07-21,155.3,61,29.3,"('', '504-546-5321')",AngelaLavrentyev@gustr.com
235,female,martina,tománková,No data,No data,No data,No data,No data,1936-04-07,199.5,65,33.2,,No data
236,female,justyna,kowalczyk,3115 May Street,Pippa Passes,KY,41844,United States,1981-04-05,112.2,61,21.2,"('', '606-368-9825')",JustynaKowalczyk@jourrapide.com
237,female,fatimah,kinfe,2640 Sweetwood Drive,Aurora,CO,80010,United States,1981-01-21,199.8,62,36.5,"('', '303-360-3627')",FatimahKinfe@fleckens.hu
239,male,aksel,vestergaard,2246 Pheasant Ridge Road,Philadelphia,PA,19139,United States,1988-05-02,187.2,78,21.6,"('', '215-528-2193')",AkselHVestergaard@armyspy.com
240,male,khalid,johnsrud,1147 Kelley Road,Gulfport,MS,39501,United States,1930-01-28,214.5,69,31.7,"('', '228-378-1355')",KhalidJohnsrud@teleworm.us
241,female,marphisa,compagnon,3391 Marcus Street,Huntsville,AL,35806,United States,1967-03-09,198.0,63,35.1,"('+1 ', '(256) 615-5522')",MarphisaCompagnon@cuvox.de
242,female,skye,gormanston,936 Lightning Point Drive,Arlington,TN,38002,United States,1934-01-20,139.7,60,27.3,"('', '901-484-5225')",SkyeGormanston@dayrep.com
243,male,john,o'brian,No data,No data,No data,No data,No data,1957-02-25,205.3,74,26.4,,No data
244,male,mustafa,adonay,1742 Tea Berry Lane,Superior,WI,54880,United States,1922-01-05,211.9,67,33.2,"('', '715-817-0134')",MustafaAdonay@dayrep.com
246,female,isabelle,nash,932 Memory Lane,Rockford,Illinois,61101,United States,1986-02-03,206.1,62,37.7,"('', '815-979-8782')",IsabelleNash@einrot.com
247,female,meya,sjöberg,1233 Liberty Avenue,Santa Ana,California,92704,United States,1968-05-15,232.1,66,37.5,"('', '714-431-2746')",MeyaSjoberg@cuvox.de
248,male,tuukka,leppäluoto,1886 Bicetown Road,New York,NY,10011,United States,1978-03-07,211.0,73,27.8,"('', '917-408-8855')",TuukkaLeppaluoto@teleworm.us
249,female,cecilie,nilsen,1854 Kyle Street,North Loup,Nebraska,68859,United States,1950-01-12,181.3,64,31.1,"('', '308-496-7837')",CecilieNilsen@superrito.com
250,male,benjamin,mehler,No data,No data,No data,No data,No data,1951-10-30,146.5,69,21.6,,No data
251,female,mee,chung,3084 Blue Spruce Lane,Dundalk,MD,21222,United States,1932-10-27,206.1,64,35.4,"('', '410-284-8935')",MeeChung@teleworm.us
253,male,juan,pérez,2549 Pearlman Avenue,Bedford,MA,01730,United States,1991-10-01,224.2,70,32.2,"('', '978-243-8596')",JuanPerez@teleworm.us
254,female,krisztina,magyar,3820 Terry Lane,Orlando,Florida,32810,United States,1950-05-03,117.0,64,20.1,"('', '321-287-0484')",MagyarKrisztina@superrito.com
255,male,kang,mai,1109 Beechwood Drive,Pittsburgh,PA,15205,United States,1986-09-16,200.4,70,28.8,"('', '412-274-6756')",KangMai@jourrapide.com
256,female,mette,sandgreen,2324 Benson Street,Elk Lake,WI,54739,United States,1938-05-13,187.1,60,36.5,"('', '715-231-3508')",MetteSandgreen@gustr.com
257,female,veronica,bogolyubova,3945 Simons Hollow Road,Trevorton,PA,17881,United States,1981-06-16,128.9,67,20.2,"('', '570-797-6666')",VeronicaBogolyubova@teleworm.us
258,male,jin,kung,No data,No data,No data,No data,No data,1995-05-17,231.7,69,34.2,,No data
259,male,abel,yonatan,2621 Koontz Lane,Burbank,California,91502,United States,1952-04-29,137.9,66,22.3,"('', '818 841 7660')",AbelYonatan@teleworm.us1
260,female,sara,miles,4223 Chestnut Street,Tampa,FL,33610,United States,1982-03-27,166.5,61,31.5,"('', '727-439-7150')",SaraDMiles@gustr.com
261,female,emily,henriksen,4236 Beech Street,Antioch,CA,94509,United States,1957-07-08,206.4,66,33.3,"('', '925-757-6139')",EmilyNHenriksen@armyspy.com
262,male,jeremy,montagu,4988 Lynn Street,Boston,MA,02110,United States,1982-06-23,192.7,74,24.7,"('', '617-297-0387')",JeremyMontagu@teleworm.us
263,female,rebecca,priest,2020 Gore Street,Houston,TX,77092,United States,1988-03-26,194.0,68,29.5,"('', '713-556-4328')",RebeccaRPriest@dayrep.com
264,female,julia,carvalho,3662 Shinn Street,New York,NY,10036,United States,1931-04-11,171.8,61,32.5,"('+1 ', '(212) 782-4151')",JuliaAzevedoCarvalho@superrito.com
265,female,wafiyyah,asfour,No data,No data,No data,No data,No data,1989-11-03,158.6,63,28.1,,No data
266,female,þórunn,tryggvadóttir,77 Juniper Drive,Mio,MI,48647,United States,1978-06-09,120.0,69,17.7,"('+1 ', '(989) 826-7884')",orunnTryggvadottir@dayrep.com
267,female,johanna,dreher,3857 Straford Park,Whitesburg,KY,41858,United States,1948-10-06,187.0,61,35.3,"('', '606 632 4327')",JohannaDreher@superrito.com1
268,female,bernarda,cindrić,1753 Sherman Street,Salina,KS,67401,United States,1986-01-16,145.6,61,27.5,"('+1 ', '(785) 823-6728')",BernardaCindric@teleworm.us
269,female,päivi,mattila,4320 Rardin Drive,San Carlos,CA,94070,United States,1933-05-28,132.0,59,26.7,"('', '650-631-0002')",PaiviMattila@rhyta.com
270,female,flavia,fiorentino,No data,No data,No data,No data,No data,1937-10-09,175.2,61,33.1,,No data
271,female,jowita,wiśniewska,2168 Butternut Lane,Granite City,Illinois,62040,United States,1934-11-08,108.1,61,20.4,"('+1 ', '(618) 512-3319')",JowitaWisniewska@armyspy.com
272,male,russom,amanuel,3942 Jerome Avenue,Edinburg,TX,78539,United States,1996-02-15,142.3,70,20.4,"('', '956-380-7249')",RussomAmanuel@armyspy.com
273,female,klementyna,sokołowska,202 Ingram Street,Dayton,OH,45402,United States,1955-03-06,168.7,60,32.9,"('+1 ', '(937) 518-7238')",KlementynaSokolowska@superrito.com
274,female,mackenzie,mckay,4890 Devils Hill Road,State Line,MS,39362,United States,1971-03-18,214.9,66,34.7,"('', '601-848-3093')",MackenzieMcKay@superrito.com
275,female,nora,nyborg,2852 Irving Road,Westerville,OH,43081,United States,1958-02-10,202.6,68,30.8,"('', '740-552-2444')",NoraNyborg@einrot.com
276,male,eddie,archer,2043 Jadewood Drive,Lombard,Illinois,60148,United States,1982-07-17,158.6,69,23.4,"('+1 ', '(224) 305-6805')",EddieAArcher@gustr.com
277,male,alex,crawford,373 Fantages Way,Hope,ID,83836,United States,1924-07-07,223.1,70,32.0,"('+1 ', '(208) 264-9063')",AlexCrawford@dayrep.com
279,female,generosa,cabán,No data,No data,No data,No data,No data,1962-12-16,124.3,69,18.4,,No data
280,female,hanna-mari,filatov,2127 Columbia Mine Road,Riverton,WV,26814,United States,1967-01-05,200.8,62,36.7,"('', '304-567-9723')",Hanna-MariFilatov@fleckens.hu
281,male,david,beauvais,98 Freshour Circle,San Antonio,TX,78258,United States,1931-05-01,128.5,67,20.1,"('', '210-218-3477')",DavidLBeauvais@rhyta.com
282,male,kristján,ingason,677 Broad Street,Birmingham,AL,35203,United States,1986-12-01,214.1,69,31.6,"('', '205-494-6040')",KristjanIngason@gustr.com
283,female,sandy,taylor,2476 Fulton Street,Rainelle,WV,25962,United States,1960-10-23,206.1,64,35.4,"('', '304-438-2648')",SandraCTaylor@dayrep.com
284,male,nwachukwu,nebeolisa,2873 John Calvin Drive,Chicago,IL,60605,United States,1986-03-10,245.5,68,37.3,"('+1 ', '(708) 845-2053')",NwachukwuNebeolisa@cuvox.de
285,male,nilton,quintanilla,4038 Farland Street,Walpole,MA,02081,United States,1980-02-09,186.3,75,23.3,"('', '774-219-3140')",NiltonQuintanillaAlmonte@rhyta.com
286,male,ayden,allan,1384 Dovetail Estates,Oklahoma City,OK,73102,United States,1976-03-11,160.8,72,21.8,"('', '580-991-9678')",AydenAllan@rhyta.com
287,male,lewis,webb,No data,No data,No data,No data,No data,1979-04-01,155.3,68,23.6,,No data
288,male,kari,laatikainen,1231 Grim Avenue,San Diego,CA,92111,United States,1976-03-21,149.6,72,20.3,"('', '619 818 3436')",KariLaatikainen@fleckens.hu1
289,male,fareeq,kalb,1043 Ventura Drive,Santa Cruz,California,95060,United States,1985-05-01,194.5,70,27.9,"('', '831-427-4114')",FareeqJawharKalb@armyspy.com
290,female,ursula,freud,3538 Paul Wayne Haggerty Road,Kenner,LA,70065,United States,1943-08-04,170.1,64,29.2,"('', '504-441-7744')",UrsulaFreud@cuvox.de
291,female,una,traustadóttir,1027 Tenmile Road,Bedford,MA,01730,United States,1930-02-01,152.3,59,30.8,"('', '781-739-0244')",UnaTraustadottir@armyspy.com
292,male,enco,žibrik,4792 Maud Street,Camden Wyoming,DE,19934,United States,1983-01-25,203.9,74,26.2,"('', '302-698-2057')",EncoZibrik@superrito.com
293,male,fraser,hunter,3072 Braxton Street,Cissna Park,Illinois,60924,United States,1929-07-09,143.0,64,24.5,"('', '815-457-5970')",FraserHunter@teleworm.us
294,male,jeramy,hopkins,2651 Black Oak Hollow Road,Walnut Creek,California,94597,United States,1995-09-11,179.1,71,25.0,"('', '408-834-4087')",JeramyAHopkins@teleworm.us
295,female,annie,allen,3634 Lyon Avenue,Cambridge,MA,02142,United States,1926-03-31,159.7,60,31.2,"('', '508 921 6327')",AnnieJAllen@superrito.com1
296,male,albino,schiavone,3113 Timber Ridge Road,Sacramento,California,95814,United States,1928-06-30,180.0,67,28.2,"('', '916 817 9960')",AlbinoSchiavone@fleckens.hu1
297,female,chỉ,lâm,No data,No data,No data,No data,No data,1990-05-14,181.1,63,32.1,,No data
298,male,bodor,csonka,323 Platinum Drive,Crafton,PA,15205,United States,1993-07-18,157.3,67,24.6,"('', '724-759-0310')",CsonkaBodor@jourrapide.com
299,male,connor,harold,3688 Glenview Drive,Corpus Christi,TX,78476,United States,1923-09-12,182.2,69,26.9,"('', '361-533-5161')",ConnorHarold@fleckens.hu
300,female,linda,lundy,3964 Walnut Avenue,Bovill,ID,83823,United States,1969-01-29,192.5,69,28.4,"('', '208-826-1678')",LindaJLundy@gustr.com
301,female,benigna,ferrari,4912 Hart Country Lane,Columbus,GA,31901,United States,1960-01-06,181.5,61,34.3,"('', '706-616-0152')",BenignaFerrari@einrot.com
302,female,onyekachukwu,obinna,2970 Forest Avenue,New York,NY,10004,United States,1997-01-24,154.7,65,25.7,"('', '646-982-6609')",OnyekachukwuObinna@teleworm.us
303,male,niels,lange,3683 Gorby Lane,Hattiesburg,MS,39401,United States,1931-06-01,201.5,70,28.9,"('', '601-296-7799')",NielsLange@cuvox.de
304,female,joe,edwards,1526 Tully Street,Detroit,MI,48219,United States,1963-04-08,149.8,61,28.3,"('', '313 589 1746')",JoeVEdwards@armyspy.com1
305,female,signý,grímsdóttir,3268 Karen Lane,Louisville,KY,40202,United States,1979-01-26,141.5,67,22.2,"('', '502-902-6188')",SignyGrimsdottir@rhyta.com
306,female,addolorata,lombardi,550 Cliffside Drive,Binghamton,New York,13901,United States,1962-10-19,189.0,65,31.4,"('+1 ', '(607) 348-5625')",AddolorataLombardi@jourrapide.com
307,male,mijndert,ouwendijk,4839 North Avenue,Palmyra,Nebraska,68418,United States,1992-07-05,124.1,67,19.4,"('', '402-780-5724')",MijndertOuwendijk@jourrapide.com
308,female,mathea,lillebø,4168 Coventry Court,Gulfport,MS,39501,United States,1928-11-30,112.4,65,18.7,"('', '228-237-2271')",MatheaLilleb@fleckens.hu
309,male,daud,batukayev,153 Fieldcrest Road,Huntington,New York,11743,United States,1983-09-15,178.9,73,23.6,"('', '631-875-3023')",DaudBatukayev@teleworm.us
310,male,valur,bjarkason,1782 New Creek Road,Birmingham,AL,35203,United States,1933-12-18,130.7,68,19.9,"('', '256-872-9211')",ValurBjarkason@cuvox.de
311,male,hugo,collins,3214 Better Street,Lenexa,KS,66219,United States,1932-02-03,193.6,69,28.6,"('', '913 322 9114')",HugoCollins@cuvox.de1
312,female,erica,macdonald,2011 Eastland Avenue,Philadelphia,MS,39350,United States,1937-05-04,171.4,63,30.4,"('', '601-389-7682')",EricaMacDonald@teleworm.us
313,female,holly,macleod,57 Norman Street,Los Angeles,CA,90017,United States,1935-11-16,190.7,62,34.9,"('', '323 280 6511')",HollyMacleod@jourrapide.com1
314,female,mgbankwo,afamefuna,1774 George Avenue,Atmore,AL,36502,United States,1984-07-18,188.5,67,29.5,"('', '251-359-2088')",MgbankwoAfamefuna@einrot.com
315,male,renzo,lucchese,4145 Fairfax Drive,Branchburg,NJ,08876,United States,1970-02-05,212.1,69,31.3,"('', '908-884-4247')",RenzoLucchese@dayrep.com
316,male,brancaleone,russo,2074 Parrish Avenue,San Antonio,TX,78217,United States,1997-06-20,211.9,74,27.2,"('+1 ', '(830) 851-4280')",BrancaleoneRusso@jourrapide.com
317,female,chân,bùi,115 Frank Avenue,Amherst,MA,01002,United States,1932-10-11,162.1,61,30.6,"('', '413-259-3637')",BuiQuynhChan@fleckens.hu
318,female,nancy,parker,4605 Hall Street,Las Vegas,NV,89110,United States,1945-03-21,106.0,63,18.8,"('+1 ', '(702) 438-5138')",NancyJParker@gustr.com
319,male,benoît,bonami,230 Lady Bug Drive,Garden City,New York,11530,United States,1975-04-13,162.8,70,23.4,"('', '718 954 8136')",BenoitBonami@gustr.com1
320,female,wilma,olofsson,2235 Catherine Drive,Fargo,ND,58102,United States,1985-11-17,154.9,69,22.9,"('', '701-235-3404')",WilmaOlofsson@teleworm.us
321,male,noriyuki,sakai,353 Whaley Lane,Milwaukee,WI,53202,United States,1934-04-29,150.3,70,21.6,"('', '262-565-9052')",NoriyukiSakai@gustr.com
322,female,dalmacia,madrid,4784 Paul Wayne Haggerty Road,New Orleans,LA,70112,United States,1960-02-02,118.4,68,18.0,"('', '504 403 4615')",DalmaciaMadridValenzuela@einrot.com1
323,male,mười,liễu,4346 Sussex Court,Chilton,TX,76632,United States,1974-07-27,218.5,66,35.3,"('', '254-546-2728')",LieuThanhMuoi@teleworm.us
324,female,nancsi,polak,2913 Rogers Street,Cincinnati,OH,45236,United States,1978-12-28,143.9,61,27.2,"('', '513 478 6938')",PolakNancsi@cuvox.de1
325,male,kong,lei,4508 Goldcliff Circle,Washington,DC,20009,United States,1937-08-10,165.2,72,22.4,"('', '202-238-2247')",KongLei@fleckens.hu
326,female,sara,karjalainen,720 Tator Patch Road,Chicago,Illinois,60601,United States,1946-08-20,172.5,63,30.6,"('', '312 856 6826')",SaraKarjalainen@armyspy.com1
327,female,suoma,koivunen,2917 Golden Ridge Road,Schenectady,New York,12303,United States,1927-12-27,114.0,62,20.8,"('', '518-379-0603')",SuomaKoivunen@gustr.com
328,male,torfi,írisarson,1463 Beechwood Avenue,Belleville,NJ,07109,United States,1977-10-03,214.7,68,32.6,"('', '908-871-7009')",TorfiIrisarson@jourrapide.com
329,female,anja,hueber,3216 Lodgeville Road,Minneapolis,MN,55402,United States,1987-04-16,151.8,65,25.3,"('+1 ', '(612) 342-6065')",AnjaHueber@teleworm.us
330,female,csilla,herczegh,149 Marion Drive,Tampa,Florida,33624,United States,1940-06-14,172.7,66,27.9,"('', '813 434 8122')",HerczeghCsilla@jourrapide.com1
331,male,vasco,van de wiel,2691 Kessla Way,Pritchardville,SC,29902,United States,1981-01-03,153.8,72,20.9,"('+1 ', '(843) 368-5129')",VascovandeWiel@rhyta.com
332,male,leon,scholz,3106 Evergreen Lane,Irvine,CA,92618,United States,1989-09-14,150.9,70,21.6,"('', '323 635 9919')",LeonScholz@fleckens.hu1
333,male,abel,efrem,2333 Hidden Pond Road,Old Hickory,TN,37138,United States,1971-02-15,224.0,67,35.1,"('', '615 755 8235')",AbelEfrem@fleckens.hu1
334,male,jad allah,gaber,2704 Windy Ridge Road,Monroeville,IN,46773,United States,1926-05-14,174.2,69,25.7,"('', '260 623 1176')",JadAllahSayyarGaber@rhyta.com1
335,male,eugene,mironov,1840 Millbrook Road,Bartlett,IL,60103,United States,1963-01-11,195.8,65,32.6,"('', '630-837-9473')",EugeneMironov@dayrep.com
336,female,lixue,hsueh,1540 Overlook Drive,Crawfordsville,IN,47933,United States,1925-03-29,102.7,59,20.7,"('', '765-359-0147')",LixueHsueh@dayrep.com
337,female,sharon,collins,1240 Summit Park Avenue,Pontiac,MI,48342,United States,1932-09-03,164.8,67,25.8,"('', '248-978-1574')",SharonLCollins@jourrapide.com
338,male,león,reynoso,385 Walnut Avenue,Eagle,ID,83642,United States,1931-05-16,209.4,65,34.8,"('', '208-830-2415')",LeonReynosoRendon@einrot.com
339,female,lóa,hrafnsdóttir,3417 Bassel Street,Metairie,LA,70001,United States,1925-04-30,114.1,67,17.9,"('+1 ', '(985) 335-8662')",LoaHrafnsdottir@jourrapide.com
340,male,pavel,filípek,3094 Oral Lake Road,Apple Valley,MN,55124,United States,1977-08-18,229.0,67,35.9,"('', '952 431 5166')",PavelFilipek@rhyta.com1
341,female,minea,lindgren,2272 Williams Avenue,Palmdale,California,93550,United States,1940-01-10,176.9,64,30.4,"('', '661-265-8708')",MineaLindgren@jourrapide.com
342,female,fatimah,khoury,883 Oakwood Circle,Fullerton,CA,93632,United States,1950-01-23,120.3,67,18.8,"('', '949 290 0728')",FatimahAqilahKhoury@superrito.com1
343,female,mathilde,nørgaard,846 Copperhead Road,Hartford,CT,06182,United States,1985-01-21,127.2,61,24.0,"('', '860 618 4560')",MathildeDNrgaard@superrito.com1
344,female,emy,markus,288 Colony Street,Stamford,CT,06901,United States,1999-01-30,140.6,65,23.4,"('', '203-251-3573')",EmyMarkus@armyspy.com
345,female,sophia,haugen,4178 Despard Street,Atlanta,GA,30303,United States,1939-06-04,181.1,63,32.1,"('', '404-713-3641')",SophiaHaugen@dayrep.com
346,female,asuna,morita,1324 Duffy Street,Medaryville,IN,47957,United States,1969-12-30,134.2,61,25.4,"('', '219-843-3924')",AsunaMorita@superrito.com
347,female,helen,luwam,2687 Hinkle Deegan Lake Road,Binghamton,NY,13904,United States,1946-07-06,166.3,60,32.5,"('', '607-206-1483')",HelenLuwam@dayrep.com
348,female,urška,aličajić,3781 Hamill Avenue,San Diego,CA,92109,United States,1952-06-27,183.3,63,32.5,"('', '858-273-2043')",UrskaAlicajic@rhyta.com
349,male,saber,ménard,1424 Primrose Lane,New Glarus,WI,53574,United States,1935-10-02,197.1,69,29.1,"('+1 ', '(608) 527-1021')",SaberMenard@rhyta.com
350,male,kristoffer,martinsen,1865 Honeysuckle Lane,Packwood,WA,98361,United States,1964-12-06,161.5,73,21.3,"('', '360-494-5489')",KristofferMartinsen@dayrep.com
351,male,diệt,bùi,3788 Worthington Drive,Rylie,TX,75235,United States,1936-04-18,119.0,65,19.8,"('+1 ', '(972) 557-0198')",BuiKimDiet@rhyta.com
352,female,nile,mehari,2458 Broadway Avenue,Chattanooga,TN,37403,United States,1956-02-27,197.6,65,32.9,"('', '423-799-1730')",NileMehari@gustr.com
353,male,marek,﻿dvořák,633 Better Street,Savannah,GA,31401,United States,1966-12-19,227.7,67,35.7,"('', '912-988-6655')",MarekDvorak@gustr.com
354,male,ole,petersen,3650 Graystone Lakes,Dudley,GA,31022,United States,1931-07-14,136.8,69,20.2,"('', '478-676-7058')",OlePetersen@armyspy.com
355,female,vivian,house,4932 Goldleaf Lane,Newark,NJ,07102,United States,1936-08-13,130.2,62,23.8,"('', '201-586-2848')",VivianRHouse@dayrep.com
356,female,chiho,higa,4500 Myra Street,Providence,RI,02905,United States,1935-05-25,182.6,59,36.9,"('', '401-456-2797')",ChihoHiga@teleworm.us
357,female,sinead,reilly,3893 Eva Pearl Street,Maurepas,LA,70449,United States,1923-04-05,148.3,64,25.5,"('+1 ', '(225) 695-5230')",SineadReilly@cuvox.de
358,female,chiemela,tobeolisa,2881 Harter Street,Bellefontaine,OH,43311,United States,1965-06-07,187.9,69,27.7,"('', '937-592-9410')",ChiemelaTobeolisa@rhyta.com
359,female,amalie,christensen,3077 Colony Street,Meriden,CT,06450,United States,1941-10-01,160.8,63,28.5,"('', '203 235 1076')",AmalieJChristensen@einrot.com1
360,female,merci,leroux,4519 Sussex Court,Copperas Cove,TX,76552,United States,1955-06-08,132.2,65,22.0,"('', '254-518-6365')",MerciLeroux@jourrapide.com
361,male,kerman,dandonneau,3688 Adonais Way,Atlanta,GA,30303,United States,1998-04-09,165.9,71,23.1,"('', '678 412 3728')",KermanDandonneau@superrito.com1
362,male,hans peter,radislav,208 Birch  Street,El Paso,TX,79905,United States,1973-10-28,169.0,70,24.2,"('', '915-612-1462')",HansPeterRadislav@gustr.com
363,male,luboš,pecha,1510 Allison Avenue,Norfolk,VA,23510,United States,1936-01-24,132.2,69,19.5,"('', '757-624-1525')",LubosPecha@rhyta.com
364,female,elisabetta,lorenzo,1014 Locust Court,Los Angeles,California,90017,United States,1927-07-16,124.7,61,23.6,"('', '562-452-5685')",ElisabettaLorenzo@gustr.com
365,female,chukwumoge,ogochukwu,4704 Edsel Road,Sherman Oaks,CA,91403,United States,1960-09-16,212.3,75,26.5,"('', '818-372-7106')",ChukwumogeOgochukwu@teleworm.us
366,male,robert,wagner,162 Brooklyn Street,Salem,VA,24153,United States,1925-06-20,200.0,67,31.3,"('', '540-986-1369')",RobertWagner@jourrapide.com
367,male,erick,pinto,2884 Elsie Drive,Aberdeen,SD,57401,United States,1945-09-24,183.5,68,27.9,"('', '605-250-4942')",ErickSouzaPinto@cuvox.de
368,female,ava,fisher,4386 Camden Street,Sparks,NV,89431,United States,1928-03-29,191.0,60,37.3,"('', '775-358-9076')",AvaFisher@rhyta.com
369,male,corey,nicholls,3427 Gerald L. Bates Drive,Boston,MA,02110,United States,1989-04-25,165.0,74,21.2,"('', '617 830 7216')",CoreyNicholls@jourrapide.com1
370,female,farizah,sleiman,2322 Grim Avenue,San Diego,CA,92101,United States,1943-08-19,190.5,62,34.8,"('', '619-652-0285')",FarizahAminehSleiman@teleworm.us
371,male,olof,holm,288 Smith Street,Taunton,MA,02780,United States,1999-04-07,214.1,70,30.7,"('', '508-821-2421')",OlofHolm@gustr.com
372,female,asya,musliyevich,1763 Williams Mine Road,Weehawken,NJ,07087,United States,1995-07-15,156.0,63,27.6,"('+1 ', '(908) 287-7099')",AsyaMusliyevich@armyspy.com
373,male,miłosław,wiśniewski,796 Eagle Street,Collinsville,Illinois,62234,United States,1979-11-13,149.2,68,22.7,"('', '618-346-3914')",MiloslawWisniewski@rhyta.com
374,female,johana,hrdá,541 Green Hill Road,Springdale,AR,72762,United States,1952-08-04,216.9,66,35.0,"('', '479-248-5663')",JohanaHrda@dayrep.com
375,male,ingi,þráinsson,707 Goodwin Avenue,Colfax,WA,99111,United States,1986-02-05,210.8,69,31.1,"('', '509-397-8510')",Ingirainsson@dayrep.com
376,female,sofia,hermansen,2272 Woodland Avenue,Houma,LA,70360,United States,1957-02-27,186.8,65,31.1,"('', '985-580-4827')",SofiaBHermansen@rhyta.com
377,female,ivona,jakšić,1051 Bassell Avenue,Wichita,AR,67202,United States,1935-09-05,200.8,62,36.7,"('+1 ', '(501) 636-4058')",IvonaJaksic@einrot.com
378,female,cumelén,miramontes,4213 Isaacs Creek Road,Tolono,Illinois,61880,United States,1936-01-30,130.0,66,21.0,"('', '217-485-5673')",CumelenMiramontesAcosta@gustr.com
379,female,furuta,osman,3300 Woodridge Lane,Memphis,TN,38115,United States,1933-11-28,138.8,63,24.6,"('', '901 316 3780')",FurutaOsman@rhyta.com1
380,female,rovzan,kishiev,4220 Simpson Square,Sulphur,OK,73086,United States,1982-07-13,136.0,63,24.1,"('', '580-622-5674')",RovzanKishiev@armyspy.com
381,female,silje,kristiansen,4992 Moonlight Drive,Pleasantville,NJ,08232,United States,1996-02-07,162.4,64,27.9,"('', '609-641-2070')",SiljeAKristiansen@dayrep.com
382,male,ronnie,clapp,1624 Rosebud Avenue,Wheatley,AR,72392,United States,1924-09-24,138.4,67,21.7,"('+1 ', '(870) 457-5086')",RonnieKClapp@gustr.com
383,male,diðrik,maríasson,4015 Juniper Drive,Mount Pleasant,MI,48858,United States,1949-03-25,149.6,71,20.9,"('', '989-822-1351')",DirikMariasson@jourrapide.com
384,male,torben,mortensen,4682 Science Center Drive,Monteview,ID,83435,United States,1943-07-24,168.7,69,24.9,"('', '208 657 2473')",TorbenMMortensen@einrot.com1
385,male,even,knutsen,4851 Andy Street,Custer,SD,57730,United States,1972-10-26,180.2,74,23.1,"('+1 ', '(605) 440-5492')",EvenKnutsen@rhyta.com
386,female,rice,yudina,4649 Worley Avenue,Nellysford,VA,22958,United States,1986-02-14,221.8,68,33.7,"('', '434-361-8479')",RiceYudina@dayrep.com
387,male,sargent,flamand,163 Hide A Way Road,San Jose,California,95134,United States,1965-05-10,207.7,65,34.6,"('', '408-215-6012')",SargentFlamand@dayrep.com
388,female,vallie,prince,550 Mulberry Lane,Fort Lauderdale,FL,33301,United States,1998-01-16,152.7,67,23.9,"('', '561-826-5683')",VallieSPrince@cuvox.de
389,male,szilveszter,totth,2785 Norma Lane,Shreveport,LA,71109,United States,1990-08-14,145.2,71,20.2,"('', '318-621-7385')",TotthSzilveszter@jourrapide.com
390,male,yegor,uspensky,4900 Philli Lane,Tulsa,OK,74133,United States,1956-09-10,136.8,65,22.8,"('', '918-459-9811')",YegorUspensky@fleckens.hu
391,male,hideki,haraguchi,3995 Colonial Drive,La Grange,TX,78945,United States,1997-02-13,181.3,67,28.4,"('', '979-639-7844')",HidekiHaraguchi@einrot.com
392,male,daimy,tromp,522 Lamberts Branch Road,Sunrise,FL,33323,United States,1990-05-23,198.0,75,24.7,"('', '786-970-4206')",DaimyTromp@superrito.com
393,female,kristin,borgen,3008 Walkers Ridge Way,Lemont,Illinois,60439,United States,1971-12-12,206.1,67,32.3,"('', '630-252-5095')",KristinBorgen@gustr.com
394,male,steven,roy,2816 Ashford Drive,Reston,VA,22070,United States,1975-09-19,162.4,72,22.0,"('', '703 716 8652')",StevenBRoy@rhyta.com1
395,female,anja,mueller,570 Alpha Avenue,Tyler,TX,75757,United States,1942-08-06,182.2,61,34.4,"('', '903-939-1025')",AnjaMueller@gustr.com
396,male,krisztián,bakos,2316 Ingram Road,Yadkinville,NC,27055,United States,1975-03-28,231.9,74,29.8,"('', '336-677-8769')",BakosKrisztian@teleworm.us
397,male,tibor,gyenes,3800 Tetrick Road,Sebring,Florida,33870,United States,1932-07-22,186.6,68,28.4,"('', '863-386-3795')",GyenesTibor@jourrapide.com
398,female,pipaluk,petrussen,3543 Cherry Ridge Drive,Scottsville,New York,14546,United States,1976-10-26,123.4,69,18.2,"('', '585-889-5156')",PipalukPetrussen@rhyta.com
399,male,ilija,horvat,4380 Riverside Drive,Cave Spring,GA,30124,United States,1941-01-21,193.8,72,26.3,"('+1 ', '(706) 777-4981')",IlijaHorvat@dayrep.com
400,male,eric,ek,4160 Pratt Avenue,Seattle,WA,98109,United States,1943-04-07,212.1,71,29.6,"('+1 ', '(360) 965-1558')",EricEk@jourrapide.com
401,female,sonya,woldendorp,4438 Reeves Street,Plymouth,WI,53073,United States,1926-06-25,158.2,59,31.9,"('', '920-892-2965')",SonyaWoldendorp@cuvox.de
402,female,kasumi,hori,1116 Dog Hill Lane,Lawrence,KS,66044,United States,1959-03-30,180.6,62,33.0,"('+1 ', '(785) 748-8181')",KasumiHori@gustr.com
403,female,manouck,wubbels,4789 Devils Hill Road,Utica,MS,39175,United States,1964-11-03,201.5,65,33.5,"('', '601-885-6550')",ManouckWubbels@armyspy.com
404,male,robert,maslov,2356 Myra Street,Providence,RI,02908,United States,1932-07-02,219.1,65,36.5,"('', '401-535-2675')",RobertMaslov@fleckens.hu
405,female,aaliyah,rice,4237 Hamilton Drive,Texas City,TX,77591,United States,1936-07-14,123.0,65,20.5,"('', '409-944-6516')",AaliyahRice@dayrep.com
406,male,marcel,peters,4476 Center Street,Albany,OR,97321,United States,1926-02-10,183.5,69,27.1,"('', '541-967-9779')",MarcelPeters@rhyta.com
407,male,dániel,német,4278 Hart Country Lane,Dalton,GA,30720,United States,1994-11-21,175.6,73,23.2,"('+1 ', '(706) 581-5226')",NemetDaniel@cuvox.de
408,female,tegan,johnson,2636 Benson Park Drive,Oklahoma City,OK,73107,United States,1928-01-19,156.6,65,26.1,"('', '405-470-5088')",TeganJohnson@gustr.com
409,female,giovana,rocha,3542 Robinson Court,Grayling,MI,49738,United States,1938-05-02,113.1,67,17.7,"('+1 ', '(989) 390-0285')",GiovanaAzevedoRocha@superrito.com
410,female,albika,ibragimov,4945 Jarvis Street,Buffalo,New York,14211,United States,1948-02-29,161.7,63,28.6,"('', '716-897-5050')",AlbikaIbragimov@superrito.com
411,male,nathan,cumpston,1203 Benson Park Drive,Wayne,OK,73095,United States,1965-10-06,178.0,67,27.9,"('', '405 449 7960')",NathanCumpston@rhyta.com1
412,female,štefanija,novosel,1810 Hardesty Street,Albany,New York,12207,United States,1945-11-29,154.9,61,29.3,"('', '518 487 4865')",StefanijaNovosel@teleworm.us1
413,male,finlay,sheppard,4571 Walnut Hill Drive,Portland,OH,45204,United States,1948-06-16,161.3,70,23.1,"('+1 ', '(513) 297-6359')",FinlaySheppard@fleckens.hu
414,male,kai,cunha,2967 Prudence Street,Detroit,MI,48221,United States,1990-02-01,163.5,74,21.0,"('', '313-341-7799')",KaiOliveiraCunha@cuvox.de
415,male,bartosz,wysocki,1079 Ingram Street,Versailles,OH,45380,United States,1951-04-02,148.7,66,24.0,"('', '937-526-1152')",BartoszWysocki@cuvox.de
416,female,mgbeke,ekwueme,1589 Roosevelt Wilson Lane,Diamond Bar,CA,91765,United States,1954-03-14,206.8,65,34.4,"('', '909-861-4356')",MgbekeEkwueme@cuvox.de
417,male,dani,antoun,2595 Feathers Hooves Drive,Westbury,New York,11590,United States,1928-05-07,138.6,70,19.9,"('', '631-664-4813')",DaniMuhsinAntoun@armyspy.com
418,female,xiuxiu,yuan,4277 Mutton Town Road,Redmond,WA,98052,United States,1943-03-08,150.0,66,24.2,"('', '360-689-4989')",XiuxiuYuan@superrito.com
419,male,mahmud,kadyrov,3390 Hidden Meadow Drive,Stanton,ND,58571,United States,1980-06-18,215.2,79,24.2,"('', '701 745 2700')",MahmudKadyrov@gustr.com1
420,female,maret,sultygov,2127 Elk City Road,Indianapolis,IN,46268,United States,1969-10-20,126.1,63,22.3,"('', '317-956-6166')",MaretSultygov@teleworm.us
421,male,adlan,shishani,4890 Abia Martin Drive,Manhattan,New York,10018,United States,1940-05-23,200.9,69,29.7,"('', '631-479-8171')",AdlanShishani@gustr.com
422,female,armina,sauvé,4977 Arlington Avenue,Little Rock,AR,72210,United States,1928-10-08,165.0,61,31.2,"('', '870-270-5502')",ArminaSauve@dayrep.com
423,female,jázmin,györfy,1049 Park Boulevard,Haverhill,IA,50120,United States,1958-09-21,129.4,64,22.2,"('', '641-475-9654')",GyorfyJazmin@jourrapide.com
424,female,simone,baumgaertner,510 Berry Street,Colorado Springs,CO,80904,United States,1931-05-14,125.2,59,25.3,"('', '719-661-6624')",SimoneBaumgaertner@teleworm.us
425,female,krystiana,kozłowska,2935 Diamond Cove,Providence,RI,02906,United States,1921-11-08,123.6,63,21.9,"('+1 ', '(401) 419-2975')",KrystianaKozlowska@cuvox.de
426,female,taylah,mobourne,995 Beechwood Avenue,Weehawken,NJ,07087,United States,1961-07-04,188.5,67,29.5,"('', '908-751-4255')",TaylahMobourne@rhyta.com
427,male,rogelio,taylor,4064 Marigold Lane,Miami,FL,33179,United States,1992-09-02,186.6,69,27.6,"('', '305-434-6299')",RogelioJTaylor@teleworm.us
428,female,tecla,onio,3730 Seth Street,Abilene,TX,79601,United States,1990-12-16,174.7,61,33.0,"('', '325-513-8964')",TeclaOnio@jourrapide.com
429,male,marko,kos,1128 Jacobs Street,Pittsburgh,PA,15212,United States,1982-10-21,227.7,69,33.6,"('', '412-319-0903')",MarkoKos@einrot.com
430,female,kristiina,hyypiä,206 Eagle Lane,Grand Forks,MN,58203,United States,1922-05-02,152.1,65,25.3,"('', '218-773-9682')",KristiinaHyypia@cuvox.de
431,male,timothy,cotton,4243 Hidden Meadow Drive,Devils Lake,ND,58301,United States,1995-12-12,135.7,68,20.6,"('', '701-662-1983')",TimothyJCotton@dayrep.com
432,female,manuela,cindrić,4120 Thompson Drive,Dublin,California,94568,United States,1942-12-01,219.9,64,37.7,"('', '510-376-3772')",ManuelaCindric@gustr.com
433,female,karen,jakobsen,1690 Fannie Street,Houston,TX,77020,United States,1962-11-25,185.2,67,29.0,"('', '979 203 0438')",KarenJakobsen@jourrapide.com1
434,male,leo,vieira,4894 Chandler Hollow Road,Pittsburgh,PA,15215,United States,1975-03-09,154.4,71,21.5,"('', '412-449-0733')",LeoDVieira@cuvox.de
435,female,bao,she,1956 Rosemont Avenue,Anaheim,CA,92801,United States,1931-01-29,193.8,63,34.3,"('+1 ', '(323) 209-0527')",BaoShe@rhyta.com
436,female,ivana,kašná,3343 Jefferson Street,Newport News,VA,23601,United States,1995-08-15,173.8,67,27.2,"('+1 ', '(757) 736-7026')",IvanaKasna@teleworm.us
437,male,sun,ko,1962 Cabell Avenue,Washington,VA,20008,United States,1969-07-08,154.4,72,20.9,"('', '703-547-0551')",SunKo@einrot.com
438,male,alwin,svensson,1846 Joseph Street,Union Grove,WI,53182,United States,1924-11-02,137.7,63,24.4,"('+1 ', '(262) 878-9576')",AlwinSvensson@armyspy.com
439,female,hannah,mcintosh,260 Derek Drive,New Philadelphia,OH,44663,United States,1946-09-13,112.0,67,17.5,"('', '330-365-4059')",HannahMcIntosh@superrito.com
440,male,hiromu,horikawa,4567 Hazelwood Avenue,Des Moines,IA,50309,United States,1981-07-07,242.0,70,34.7,"('', '515 362 6574')",HiromuHorikawa@superrito.com1
441,male,david,villadsen,1434 Oak Ridge Drive,St Elizabeth,MO,65559,United States,1924-11-30,137.3,68,20.9,"('+1 ', '(573) 493-4748')",DavidMVilladsen@armyspy.com
442,male,luis,silva,959 Heritage Road,San Joaquin,CA,93660,United States,1946-11-02,239.1,71,33.3,"('', '559-693-6779')",LuisRibeiroSilva@jourrapide.com
443,male,ananías,enríquez,2924 Stanley Avenue,Garden City,NY,11530,United States,1959-07-23,169.0,72,22.9,"('', '516-512-4875')",AnaniasEnriquezMontoya@armyspy.com
444,female,kajsa,eidem,1953 Rhapsody Street,Ocala,Florida,34471,United States,1964-04-26,191.0,60,37.3,"('', '352-362-5392')",KajsaEidem@superrito.com
445,male,angelico,marchesi,456 Delaware Avenue,San Francisco,California,94108,United States,1945-10-28,211.6,69,31.2,"('', '415-277-2563')",AngelicoMarchesi@fleckens.hu
446,male,maximus,henzen,4334 Black Oak Hollow Road,San Jose,California,95113,United States,1924-11-14,180.8,72,24.5,"('', '408-792-9489')",MaximusHenzen@einrot.com
447,male,eemil,laine,2531 Eastland Avenue,Mclain,MS,39456,United States,1929-03-22,167.2,72,22.7,"('', '601-418-0102')",EemilLaine@einrot.com
448,male,luiz,gomes,1812 Poplar Street,Chicago,IL,60631,United States,1978-04-23,160.4,70,23.0,"('', '708-691-2195')",LuizCavalcantiGomes@rhyta.com
449,male,ivan,fomin,632 Peaceful Lane,Garfield Heights,OH,44128,United States,1930-06-10,139.9,65,23.3,"('', '216-502-3773')",IvanFomin@dayrep.com
450,male,bjørnar,nilsen,2166 Tipple Road,Philadelphia,PA,19121,United States,1960-04-26,152.5,68,23.2,"('+1 ', '(215) 769-7116')",BjrnarNilsen@einrot.com
451,male,clinton,miller,901 Southern Street,Roslyn,NY,11576,United States,1985-08-16,195.4,74,25.1,"('', '516-626-8021')",ClintonKMiller@rhyta.com
452,female,jia li,teng,1251 Clarence Court,Upland,California,91786,United States,1928-12-07,202.2,66,32.6,"('', '909 982 4264')",JiaLiTeng@fleckens.hu1
453,female,fearne,mcgregor,1168 Stout Street,Harrisburg,PA,17111,United States,1936-06-30,142.1,65,23.6,"('', '717-368-8321')",FearneMcGregor@superrito.com
454,male,wu,sung,1072 Bird Spring Lane,Houston,TX,77077,United States,1993-10-31,181.3,74,23.3,"('', '281-556-4376')",WuSung@gustr.com
455,female,bianca,azevedo,2886 Straford Park,Cumberland,KY,40823,United States,1950-12-03,132.7,59,26.8,"('', '606 589 2819')",BiancaCarvalhoAzevedo@einrot.com1
456,female,hui,ch'eng,3423 Burning Memory Lane,Yardley,PA,19067,United States,1982-05-03,203.1,69,30.0,"('', '215-321-9611')",HuiCheng@rhyta.com
457,male,zikoranaudodimma,chinedum,3402 Kildeer Drive,Newport News,VA,23602,United States,1935-12-25,150.5,67,23.6,"('', '757 269 6500')",ZikoranaudodimmaChinedum@cuvox.de1
458,female,mevla,grabljevec,2645 Moore Avenue,Fort Worth,TX,76102,United States,1984-12-02,215.8,66,34.8,"('', '817-777-5289')",MevlaGrabljevec@teleworm.us
459,male,sousuke,nakahara,3743 Wescam Court,Reno,NV,89501,United States,1929-04-25,134.2,70,19.3,"('', '775-848-6970')",SousukeNakahara@jourrapide.com
460,female,idalia,moore,4380 Grim Avenue,San Diego,California,92073,United States,1993-10-26,102.1,61,19.3,"('', '619-710-6286')",IdaliaEMoore@cuvox.de
461,male,arne,jørgensen,1033 Wayside Lane,Oakland,CA,94612,United States,1998-03-14,163.5,65,27.2,"('+1 ', '(510) 238-1151')",ArneJrgensen@fleckens.hu
462,male,cannan,cabrera,2102 Geraldine Lane,New York,NY,10014,United States,1980-10-12,209.7,71,29.2,"('', '646-289-4177')",CannanCabreraOrdonez@superrito.com
463,male,guðni,heimisson,430 Canis Heights Drive,Los Angeles,California,90007,United States,1983-11-28,154.9,71,21.6,"('', '213-749-6958')",GuniHeimisson@superrito.com
464,female,bouke,glaser,3006 Maple Court,Owensville,MO,65066,United States,1996-10-21,142.1,66,22.9,"('', '573 437 7334')",BoukeGlaser@einrot.com1
465,female,meaza,brhane,142 Broad Street,Springville,AL,35146,United States,1991-06-22,161.3,69,23.8,"('', '205-467-9279')",MeazaBrhane@superrito.com
466,male,gabryŝ,tomaszewski,1343 Clair Street,Hillsboro,TX,76645,United States,1998-09-16,160.8,67,25.2,"('', '254-582-1795')",GabrysTomaszewski@armyspy.com
467,female,andrea,brodahl,3234 Sardis Station,Golden Valley,MN,55422,United States,1994-09-07,166.1,62,30.4,"('+1 ', '(612) 589-1495')",AndreaBrodahl@armyspy.com
468,female,jožka,resanovič,1557 Byers Lane,Redding,CA,96001,United States,1959-10-05,122.1,63,21.6,"('', '530-773-9263')",JozkaResanovic@superrito.com
469,male,tosh,jensen,1536 John Daniel Drive,Argyle,MO,65001,United States,1969-12-19,194.7,68,29.6,"('', '573-728-3861')",ToshCJensen@superrito.com
470,male,harley,tucker,1067 Ray Court,Wilmington,NC,28412,United States,1965-09-21,220.4,66,35.6,"('', '910-264-6229')",HarleyTucker@fleckens.hu
471,male,muhammad,holden,3414 Franklin Avenue,Live Oak,Florida,32064,United States,1969-09-08,159.5,66,25.7,"('', '386-234-5932')",MuhammadHolden@fleckens.hu
472,female,nadwah,naifeh,69 Mattson Street,Portland,OR,97205,United States,1957-03-12,192.7,66,31.1,"('', '503-417-1995')",NadwahHawadahNaifeh@einrot.com
473,female,julia,werner,325 Eastland Avenue,Natchez,MS,39120,United States,1938-09-14,155.3,61,29.3,"('', '601-446-6829')",JuliaWerner@teleworm.us
474,female,kate,wilkinson,664 Lyon Avenue,South Boston,MA,02127,United States,1998-07-18,175.3,65,29.2,"('', '508 905 2371')",KateWilkinson@armyspy.com1
475,female,esperanza,labrosse,1370 Flint Street,Atlanta,GA,30303,United States,1961-10-07,181.5,63,32.1,"('', '678-263-3564')",EsperanzaLabrosse@armyspy.com
476,male,malik,vaneker,1270 Haul Road,Mountain View,California,94041,United States,1953-09-25,214.4,67,33.6,"('', '650-962-7179')",MalikVaneker@superrito.com
477,female,berta,napolitani,1815 Garrett Street,Philadelphia,PA,19108,United States,1958-12-02,153.3,63,27.2,"('', '267-972-3749')",BertaNapolitani@rhyta.com
478,male,juliusz,majewski,4435 Poe Road,Florence,SC,29501,United States,1966-09-29,212.1,69,31.3,"('+1 ', '(843) 212-6421')",JuliuszMajewski@superrito.com
479,female,edelma,villalpando,312 Jim Rosa Lane,San Jose,CA,95134,United States,1977-06-24,109.6,63,19.4,"('+1 ', '(415) 755-6435')",EdelmaVillalpandoSantillan@teleworm.us
480,male,tapa,arsanukayev,4720 Gordon Street,Ontario,California,91762,United States,1955-09-15,220.0,65,36.6,"('', '909 458 2515')",TapaArsanukayev@dayrep.com1
481,male,nasser,mansour,547 Weekley Street,San Antonio,TX,78212,United States,1938-03-25,183.5,66,29.6,"('', '210 326 5509')",NasserMazinMansour@fleckens.hu1
482,male,michael,kristensen,1614 Heather Sees Way,Tulsa,OK,74116,United States,1930-08-10,154.7,65,25.7,"('', '918 706 2776')",MichaelKristensen@gustr.com1
483,male,diogo,souza,4033 White Avenue,Corpus Christi,TX,78401,United States,1945-03-03,220.0,65,36.6,"('', '361-693-4960')",DiogoBarrosSouza@jourrapide.com
484,female,angel,grant,990 Melville Street,Memphis,TN,38118,United States,1987-08-14,123.9,61,23.4,"('', '731-577-0292')",AngelGrant@fleckens.hu
485,male,placido,udinesi,1094 Jones Avenue,Greensboro,NC,28716,United States,1934-05-31,175.8,65,29.3,"('', '336-697-2005')",PlacidoUdinesi@dayrep.com
486,male,trifon,izmailov,3697 Drainer Avenue,Fort Walton Beach,FL,32548,United States,1973-02-15,255.9,74,32.9,"('', '850 659 0417')",TrifonIzmailov@fleckens.hu1
487,male,samuel,blix,3488 Clair Street,Waco,TX,76706,United States,1983-07-06,211.4,74,27.1,"('', '254-681-4504')",SamuelBlix@dayrep.com
488,male,ivar,löfgren,1346 Nicholas Street,Ottawa,KS,66067,United States,1962-11-07,242.4,77,28.7,"('', '785 229 1188')",IvarLofgren@armyspy.com1
489,male,mika,martinsson,962 George Street,Ocala,Florida,34471,United States,1970-01-27,165.0,67,25.8,"('', '352-453-4601')",MikaMartinsson@armyspy.com
490,female,jasmine,sykes,2607 Water Street,Lafayette,California,94549,United States,1988-12-01,187.2,63,33.2,"('', '925-283-5425')",JasmineSykes@jourrapide.com
491,male,jackson,addison,1160 Taylor Street,New Rochelle,New York,10801,United States,1953-05-29,192.7,69,28.5,"('', '914-636-9304')",JacksonAddison@armyspy.com
492,female,vanessa,ferguson,241 Freshour Circle,San Antonio,TX,78205,United States,1950-09-21,149.8,67,23.5,"('', '210-222-8684')",VanessaFerguson@jourrapide.com
493,male,poldi,tar,3958 Liberty Avenue,Burbank,California,91505,United States,1970-05-23,184.6,70,26.5,"('', '714-496-2264')",TarPoldi@superrito.com
494,female,fen,chin,1826 Poplar Chase Lane,Boise,ID,83702,United States,1997-03-18,195.1,68,29.7,"('+1 ', '(208) 388-1065')",FenChin@gustr.com
495,female,sirkka,piirainen,4102 Ritter Avenue,Roseville,MI,48066,United States,1942-01-16,126.3,67,19.8,"('+1 ', '(586) 790-0975')",SirkkaPiirainen@teleworm.us
496,male,hajime,tsukada,4111 Thunder Road,San Mateo,CA,94403,United States,1972-09-05,168.1,66,27.1,"('', '650-570-4896')",HajimeTsukada@dayrep.com
497,male,alexander,hueber,3868 Freed Drive,Stockton,California,95204,United States,1942-09-12,194.0,72,26.3,"('', '209 762 2320')",AlexanderHueber@jourrapide.com1
498,male,masataka,murakami,1179 Patton Lane,Tulsa,OK,74116,United States,1937-08-19,155.1,72,21.0,"('+1 ', '(918) 984-9171')",MasatakaMurakami@einrot.com
499,male,mustafa,lindström,2530 Victoria Court,Milton Mills,ME,03852,United States,1959-04-10,181.1,72,24.6,"('', '207-477-0579')",MustafaLindstrom@jourrapide.com
500,male,ruman,bisliev,494 Clarksburg Park Road,Sedona,AZ,86341,United States,1948-03-26,239.6,70,34.4,"('', '928-284-4492')",RumanBisliev@gustr.com
501,female,jinke,de keizer,649 Nutter Street,Overland Park,MO,64110,United States,1971-01-13,171.2,67,26.8,"('', '816-223-6007')",JinkedeKeizer@teleworm.us
502,female,chidalu,onyekaozulu,3652 Boone Crockett Lane,Seattle,WA,98109,United States,1952-02-13,176.9,67,27.7,"('', '360 443 2060')",ChidaluOnyekaozulu@jourrapide.com1
503,male,pat,gersten,2778 North Avenue,Burr,Nebraska,68324,United States,1954-05-03,138.2,71,19.3,"('', '402-848-4923')",PatrickGersten@rhyta.com
